file_name|id|source_org|source_file|original_id|type|name|address|city|state|zip_code|county|location_description|phone|url|latitude|longitude|latlng_source|date_from|date_to|open_to_spec_group|data_issues|food_bucks|snap|wic|fmnp|fresh_produce|free_distribution|group_id|merged_record|timestamp|in_error
GP_garden_directory_listing-20210322.csv|0|Grow Pittsburgh|GP_garden_directory_listing-20210322.csv||grow pgh garden|Angora Gardens|3 Muse Lane,  White Oak, PA 15131|White Oak|Pennsylvania|15131||community-farm|412.675.8556|http://www.angoragardens.com|40.342338|-79.788348|Grow Pittsburgh|||||False|False|False|False|True|False||False||False
GP_garden_directory_listing-20210322.csv|1|Grow Pittsburgh|GP_garden_directory_listing-20210322.csv||grow pgh garden|Everybody's Garden|301 West Elizabeth Street, Pittsburgh, PA 15207|Pittsburgh|PA|15207||other|||40.406546|-79.945442|Grow Pittsburgh|||||False|False|False|False|True|False||False||False
GP_garden_directory_listing-20210322.csv|2|Grow Pittsburgh|GP_garden_directory_listing-20210322.csv||grow pgh garden|Glen Hazel Communiuty Garden|Johnston Avenue at Roselle Drive, Pittsburgh, PA 15207|Pittsburgh|PA|15207||other|||40.40604|-79.931253|Grow Pittsburgh|||||False|False|False|False|True|False||False||False
GP_garden_directory_listing-20210322.csv|3|Grow Pittsburgh|GP_garden_directory_listing-20210322.csv||grow pgh garden|Grow Pittsburgh|6587 Hamilton Avenue #2W,  Pittsburgh, PA 15206|Pittsburgh|PA|15206||grow-pittsburgh-site|412 362 GROW (4769)|http://www.growpittsburgh.org/|40.458481|-79.911381|Grow Pittsburgh|||||False|False|False|False|True|False||False||False
GP_garden_directory_listing-20210322.csv|4|Grow Pittsburgh|GP_garden_directory_listing-20210322.csv||grow pgh garden|Lawrenceville Organic Community Garden|Allegheny Cemetery 4734 Butler Street,  Pittsburgh, PA 15201| Pittsburgh|PA|15201||other|412 427 8814||40.477158|-79.956114|Grow Pittsburgh|||||False|False|False|False|True|False||False||False
GP_garden_directory_listing-20210322.csv|5|Grow Pittsburgh|GP_garden_directory_listing-20210322.csv||grow pgh garden|Masjid al Mu'min Madinah Garden|159 Winslow Street, Pittsburgh, PA 15206|Pittsburgh|PA|15206||other|412 363 1237||40.46445|-79.911651|Grow Pittsburgh|||||False|False|False|False|True|False||False||False
GP_garden_directory_listing-20210322.csv|6|Grow Pittsburgh|GP_garden_directory_listing-20210322.csv||grow pgh garden|South Oakland Community Orchard|3213 Parkview Avenue,  Pittsburgh, PA 15213|Pittsburgh|PA|15213||other||http://southoaklandpgh.org/|40.429834|-79.953578|Grow Pittsburgh|||||False|False|False|False|True|False||False||False
GP_garden_directory_listing-20210322.csv|7|Grow Pittsburgh|GP_garden_directory_listing-20210322.csv||grow pgh garden|Thelma Lovette YMCA Garden|2114 Centre Avenue, Pittsburgh, PA 15219|Pittsburgh|PA|15219||other||http://www.ymcapgh.org|40.444369|-79.978126|Grow Pittsburgh|||||False|False|False|False|True|False||False||False
GP_garden_directory_listing-20210322.csv|8|Grow Pittsburgh|GP_garden_directory_listing-20210322.csv||grow pgh garden|Wiggins Garden|Near 3026 Wiggins Street, Pittsburgh, PA 15219|Pittsburgh|PA|15219||other|412 681 1950|http://phcapgh.org/|40.457618|-79.969499|Grow Pittsburgh|||||False|False|False|False|True|False||False||False
GP_garden_directory_listing-20210322.csv|9|Grow Pittsburgh|GP_garden_directory_listing-20210322.csv||grow pgh garden|The Samuel and Anna Mae Richardson Community Garden|5427 Willow Street Bethel Park PA 15102|Bethel Park|Pennsylvania|15102||community-farm|412.523.8019|https://www.facebook.com/pg/theSamuelandAnnaMaeRichardsonCommunityGarden/|40.323229|-80.0405|Grow Pittsburgh|||||False|False|False|False|True|False||False||False
GP_garden_directory_listing-20210322.csv|10|Grow Pittsburgh|GP_garden_directory_listing-20210322.csv||grow pgh garden|Coraopolis Community Garden|411 Broadway Avenue Coraopolis PA 15108|Coraopolis|Pennsylvania|15108||community-farm|(412) 329-8247|https://coraopolisfoundation.org/community-garden/|40.516753|-80.160618|Grow Pittsburgh|||||False|False|False|False|True|False||False||False
GP_garden_directory_listing-20210322.csv|11|Grow Pittsburgh|GP_garden_directory_listing-20210322.csv||grow pgh garden|Crafton Community Farm|117 West Steuben Street Crafton PA 15205|Crafton|Pennsylvania|15205||community-farm|412) 921-0752|https://www.facebook.com/craftoncommunityfarm|40.438964|-80.072817|Grow Pittsburgh|||||False|False|False|False|True|False||False||False
GP_garden_directory_listing-20210322.csv|12|Grow Pittsburgh|GP_garden_directory_listing-20210322.csv||grow pgh garden|Community Human Services Teaching Garden|370 Lawn Street Pittsburgh PA 15213|Pittsburgh|Pennsylvania|15213||community-farm|||40.433691|-79.961356|Grow Pittsburgh|||||False|False|False|False|True|False||False||False
GP_garden_directory_listing-20210322.csv|13|Grow Pittsburgh|GP_garden_directory_listing-20210322.csv||grow pgh garden|Landslide Community Farm|3 Beelen Street Pittsburgh PA 15213|Pittsburgh|Pennsylvania|15213||community-farm||https://www.facebook.com/LandslideCommunityFarm|40.43816|-79.97244|Grow Pittsburgh|||||False|False|False|False|True|False||False||False
GP_garden_directory_listing-20210322.csv|14|Grow Pittsburgh|GP_garden_directory_listing-20210322.csv||grow pgh garden|Rosalinda Sauro Sirianni Memorial Garden|119 Davis Ave Pittsburgh PA 15202|Bellevue|Pennsylvania|15202||community-farm|412 307 0069 x 3311|https://nhco.org/garden/|40.48879|-80.049169|Grow Pittsburgh|||||False|False|False|False|True|False||False||False
GP_garden_directory_listing-20210322.csv|15|Grow Pittsburgh|GP_garden_directory_listing-20210322.csv||grow pgh garden|Second UP Garden|300 Hay Street Pittsburgh PA 15221|Pittsburgh|Pennsylvania|15221||community-farm|412 242 4430|https://www.secondup.net|40.438825|-79.888431|Grow Pittsburgh|||||False|False|False|False|True|False||False||False
GP_garden_directory_listing-20210322.csv|16|Grow Pittsburgh|GP_garden_directory_listing-20210322.csv||grow pgh garden|Earl Brooks Community Garden|222 Robinson Street Pittsburgh PA 15213|Pittsburgh|Pennsylvania|15213||community-farm|(412) 692 5315||40.441165|-79.965404|Grow Pittsburgh|||||False|False|False|False|True|False||False||False
GP_garden_directory_listing-20210322.csv|17|Grow Pittsburgh|GP_garden_directory_listing-20210322.csv||grow pgh garden|Garfield Community Farm|527 Edlam Way Pittsburgh PA 15224|Pittsburgh|Pennsylvania|15224||community-farm|4129797764|http://garfieldfarm.com|40.469378|-79.935125|Grow Pittsburgh|||||False|False|False|False|True|False||False||False
GP_garden_directory_listing-20210322.csv|18|Grow Pittsburgh|GP_garden_directory_listing-20210322.csv||grow pgh garden|Ballfield Farm|Crispen Street Pittsburgh PA 15214|Pittsburgh|Pennsylvania|15214||community-farm|4125270538|http://www.ballfieldfarm.com|40.46849|-80.016561|Grow Pittsburgh|||||False|False|False|False|True|False||False||False
GP_garden_directory_listing-20210322.csv|19|Grow Pittsburgh|GP_garden_directory_listing-20210322.csv||grow pgh garden|BOXY CAUFIELD MEMORIAL GARDEN: Allegheny YMCA|600 West North Avenue Pittsburgh PA 15212|Pittsburgh|Pennsylvania|15212||community-farm||http://www.ymcaofpittsburgh.org/gardens/|40.454624|-80.012922|Grow Pittsburgh|||||False|False|False|False|True|False||False||False
GP_garden_directory_listing-20210322.csv|20|Grow Pittsburgh|GP_garden_directory_listing-20210322.csv||grow pgh garden|Hazelwood Community Garden|4713 Chatsworth Avenue Pittsburgh PA 15207|Pittsburgh|Pennsylvania|15207||community-farm||http://www.hazelwoodinitiative.org/page14.html|40.413082|-79.944132|Grow Pittsburgh|||||False|False|False|False|True|False||False||False
GP_garden_directory_listing-20210322.csv|21|Grow Pittsburgh|GP_garden_directory_listing-20210322.csv||grow pgh garden|Miss Mary's Garden : Homewood Brushton YMCA|7140 Bennett Street Pittsburgh PA 15208|Pittsburgh|Pennsylvania|15208||community-farm|847.404.3347|http://www.ymcapgh.org|40.456529|-79.898291|Grow Pittsburgh|||||False|False|False|False|True|False||False||False
GP_garden_directory_listing-20210322.csv|22|Grow Pittsburgh|GP_garden_directory_listing-20210322.csv||grow pgh garden|Sheridan Avenue Orchard|310 Sheridan Ave, Pittsburgh, PA 15206, United States|Pittsburgh|PA|15206||community-farm||http://werepair.org/category/pittsburgh/|40.463474|-79.921924|Grow Pittsburgh|||||False|False|False|False|True|False||False||False
GP_garden_directory_listing-20210322.csv|23|Grow Pittsburgh|GP_garden_directory_listing-20210322.csv||grow pgh garden|Centre Ave YMCA Garden|2621 Centre Avenue|Pittsburgh|Pennsylvania|15219||community-farm|412-567-1256 x0306|http://www.ymcapgh.org|40.447201|-79.967894|Grow Pittsburgh|||||False|False|False|False|True|False||False||False
GP_garden_directory_listing-20210322.csv|24|Grow Pittsburgh|GP_garden_directory_listing-20210322.csv||grow pgh garden|Allison Park Elementary Community Garden|803 McGovern Road  Houston PA 15342|Houston|Pennsylvania|15342||school-garden|||40.231664|-80.226758|Grow Pittsburgh|||||False|False|False|False|True|False||False||False
GP_garden_directory_listing-20210322.csv|25|Grow Pittsburgh|GP_garden_directory_listing-20210322.csv||grow pgh garden|Avonworth Middle School|258 Joseph's Lane  Pittsburgh PA 15237|Pittsburgh|Pennsylvania|15237||school-garden||http://www.avonworthplants.weebly.com|40.532346|-80.078434|Grow Pittsburgh|||||False|False|False|False|True|False||False||False
GP_garden_directory_listing-20210322.csv|26|Grow Pittsburgh|GP_garden_directory_listing-20210322.csv||grow pgh garden|Borland Green Cooperative|5806 Black Street|Pittsburgh|Pennsylvania|15206||community-garden|412 361 1581|http://www.borlandgreen.com|40.467393|-79.924427|Grow Pittsburgh|||||False|False|False|False|True|False||False||False
GP_garden_directory_listing-20210322.csv|27|Grow Pittsburgh|GP_garden_directory_listing-20210322.csv||grow pgh garden|Carnegie Elementary School|301 Franklin Avenue  Carnegie PA 15106|Carnegie|Pennsylvania|15106||school-garden|||40.401334|-80.081874|Grow Pittsburgh|||||False|False|False|False|True|False||False||False
GP_garden_directory_listing-20210322.csv|28|Grow Pittsburgh|GP_garden_directory_listing-20210322.csv||grow pgh garden|Clairton Education Center|501 Waddell Avenue  Clairton PA 15025|Clairton|Pennsylvania|15025||school-garden|||40.294148|-79.885294|Grow Pittsburgh|||||False|False|False|False|True|False||False||False
GP_garden_directory_listing-20210322.csv|29|Grow Pittsburgh|GP_garden_directory_listing-20210322.csv||grow pgh garden|Colfax Elementary|2332 Beechwood Blvd  Pittsburgh PA 15217|Pittsburgh|Pennsylvania|15217||school-garden||http://edibleschoolyardpgh.org|40.433127|-79.915417|Grow Pittsburgh|||||False|False|False|False|True|False||False||False
GP_garden_directory_listing-20210322.csv|30|Grow Pittsburgh|GP_garden_directory_listing-20210322.csv||grow pgh garden|Community Day School of Pittsburgh|6424 Forward Avenue  Pittsburgh PA 15217|Pittsburgh|Pennsylvania|15217||school-garden|||40.427442|-79.917825|Grow Pittsburgh|||||False|False|False|False|True|False||False||False
GP_garden_directory_listing-20210322.csv|31|Grow Pittsburgh|GP_garden_directory_listing-20210322.csv||grow pgh garden|Dilworth Traditional Academy|6200 Stanton Avenue  Pittsburgh PA 15206|Pittsburgh|Pennsylvania|15206||school-garden|||40.468805|-79.917808|Grow Pittsburgh|||||False|False|False|False|True|False||False||False
GP_garden_directory_listing-20210322.csv|32|Grow Pittsburgh|GP_garden_directory_listing-20210322.csv||grow pgh garden|Fort LeBoeuf Middle School|865 Cherry Street  Waterford PA 16441|Waterford|Pennsylvania|16441||school-garden|||41.951436|-79.986455|Grow Pittsburgh|||||False|False|False|False|True|False||False||False
GP_garden_directory_listing-20210322.csv|33|Grow Pittsburgh|GP_garden_directory_listing-20210322.csv||grow pgh garden|Greenock Elementary School|1101 Greenock Buena Vista Road  McKeesport PA 15135|McKeesport|Pennsylvania|15135||school-garden|||40.311881|-79.8029|Grow Pittsburgh|||||False|False|False|False|True|False||False||False
GP_garden_directory_listing-20210322.csv|34|Grow Pittsburgh|GP_garden_directory_listing-20210322.csv||grow pgh garden|Iroquois Elementary School|4231 Morse St.  Erie PA 16511|Erie|Pennsylvania|16511||school-garden||http://www.isd.iu5.org|42.153881|-80.012094|Grow Pittsburgh|||||False|False|False|False|True|False||False||False
GP_garden_directory_listing-20210322.csv|35|Grow Pittsburgh|GP_garden_directory_listing-20210322.csv||grow pgh garden|MAMS Community Garden|800 Thurston Road  Meadville PA 16335|Meadville|Pennsylvania|16335||school-garden||http://farmmeadville.com/directory/community gardens/community garden at the marc/|41.633276|-80.124376|Grow Pittsburgh|||||False|False|False|False|True|False||False||False
GP_garden_directory_listing-20210322.csv|36|Grow Pittsburgh|GP_garden_directory_listing-20210322.csv||grow pgh garden|Pittsburgh Arsenal|220 40th Street  Pittsburgh PA 15201|Pittsburgh|Pennsylvania|15201||school-garden|||40.467734|-79.962522|Grow Pittsburgh|||||False|False|False|False|True|False||False||False
GP_garden_directory_listing-20210322.csv|37|Grow Pittsburgh|GP_garden_directory_listing-20210322.csv||grow pgh garden|Pittsburgh Langley|2940 Sheraden Blvd  Pittsburgh PA 15204|Pittsburgh|Pennsylvania|15204||school-garden|||40.453644|-80.054031|Grow Pittsburgh|||||False|False|False|False|True|False||False||False
GP_garden_directory_listing-20210322.csv|38|Grow Pittsburgh|GP_garden_directory_listing-20210322.csv||grow pgh garden|Pittsburgh Linden School Garden|725 S Linden Avenue  Pittsburgh PA |Pittsburgh|Pennsylvania|15208||school-garden||http://pghlindenpta.wordpress.com|40.445514|-79.916283|Grow Pittsburgh|||||False|False|False|False|True|False||False||False
GP_garden_directory_listing-20210322.csv|39|Grow Pittsburgh|GP_garden_directory_listing-20210322.csv||grow pgh garden|Pittsburgh Miller African Centered Academy|2055 Bedford Avenue  Pittsburgh PA 15219|Pittsburgh|Pennsylvania|15219||school-garden|||40.447077|-79.981061|Grow Pittsburgh|||||False|False|False|False|True|False||False||False
GP_garden_directory_listing-20210322.csv|40|Grow Pittsburgh|GP_garden_directory_listing-20210322.csv||grow pgh garden|Pittsburgh Montessori PreK 5|201 S Graham Street  Pittsburgh PA 15206|Pittsburgh|Pennsylvania|15206||school-garden|||40.462489|-79.935596|Grow Pittsburgh|||||False|False|False|False|True|False||False||False
GP_garden_directory_listing-20210322.csv|41|Grow Pittsburgh|GP_garden_directory_listing-20210322.csv||grow pgh garden|Pittsburgh Science and Technology|107 Thackeray Avenue  Pittsburgh PA 15260|Pittsburgh|Pennsylvania|15260||school-garden|||40.443627|-79.957411|Grow Pittsburgh|||||False|False|False|False|True|False||False||False
GP_garden_directory_listing-20210322.csv|42|Grow Pittsburgh|GP_garden_directory_listing-20210322.csv||grow pgh garden|Pittsburgh Urban Christian School|809 Center Street  Pittsburgh PA 15221|Pittsburgh|Pennsylvania|15221||school-garden||http://pucs.org|40.441483|-79.882937|Grow Pittsburgh|||||False|False|False|False|True|False||False||False
GP_garden_directory_listing-20210322.csv|43|Grow Pittsburgh|GP_garden_directory_listing-20210322.csv||grow pgh garden|Propel Homestead|129 E 10th Ave  Homestead PA 15120|Homestead|Pennsylvania|15120||school-garden|||40.405408|-79.910342|Grow Pittsburgh|||||False|False|False|False|True|False||False||False
GP_garden_directory_listing-20210322.csv|44|Grow Pittsburgh|GP_garden_directory_listing-20210322.csv||grow pgh garden|SSA Farm at the Junior School|400 S. Braddock  Pittsburgh PA 15221|Pittsburgh|Pennsylvania|15221||school-garden||http://www.shadysideacademy.org/ssafarm|40.444237|-79.897476|Grow Pittsburgh|||||False|False|False|False|True|False||False||False
GP_garden_directory_listing-20210322.csv|45|Grow Pittsburgh|GP_garden_directory_listing-20210322.csv||grow pgh garden|SSA Farm at the Middle School|500 Squaw Run Rd East  Pittsburgh PA 15238|Pittsburgh|Pennsylvania|15238||school-garden||http://www.shadysideacademy.org/ssafarm|40.52817|-79.880648|Grow Pittsburgh|||||False|False|False|False|True|False||False||False
GP_garden_directory_listing-20210322.csv|46|Grow Pittsburgh|GP_garden_directory_listing-20210322.csv||grow pgh garden|SSA Farm at the Senior School|423 Fox Chapel Rd  Pittsburgh PA 15238|Pittsburgh|Pennsylvania|15238||school-garden||http://www.shadysideacademy.org/ssafarm|40.52247|-79.882689|Grow Pittsburgh|||||False|False|False|False|True|False||False||False
GP_garden_directory_listing-20210322.csv|47|Grow Pittsburgh|GP_garden_directory_listing-20210322.csv||grow pgh garden|St. Paul African Methodist Episcopal Church|414 Orchard Place  Pittsburgh PA 15210|Pittsburgh|Pennsylvania|15210||school-garden|||40.41792|-79.995982|Grow Pittsburgh|||||False|False|False|False|True|False||False||False
GP_garden_directory_listing-20210322.csv|48|Grow Pittsburgh|GP_garden_directory_listing-20210322.csv||grow pgh garden|The Environmental Charter Lower School Edible Schoolyard|309 South Braddock  Pittsburgh PA 15221|Pittsburgh|Pennsylvania|15221||school-garden||http://www.environmentalcharterschool.org|40.444922|-79.895715|Grow Pittsburgh|||||False|False|False|False|True|False||False||False
GP_garden_directory_listing-20210322.csv|49|Grow Pittsburgh|GP_garden_directory_listing-20210322.csv||grow pgh garden|The Environmental Charter Upper School Living Laboratory|829 Milton Street  Pittsburgh PA 15218|Pittsburgh|Pennsylvania|15218||school-garden||http://www.environmentalcharterschool.org|40.436015|-79.89694|Grow Pittsburgh|||||False|False|False|False|True|False||False||False
GP_garden_directory_listing-20210322.csv|50|Grow Pittsburgh|GP_garden_directory_listing-20210322.csv||grow pgh garden|The Neighborhood Academy|709 N Aiken Ave  Pittsburgh PA 15206|Pittsburgh|Pennsylvania|15206||school-garden|||40.472894|-79.932793|Grow Pittsburgh|||||False|False|False|False|True|False||False||False
GP_garden_directory_listing-20210322.csv|51|Grow Pittsburgh|GP_garden_directory_listing-20210322.csv||grow pgh garden|Urban League Charter School|327 N Negley Ave  Pittsburgh PA 15206|Pittsburgh|Pennsylvania|15206||school-garden|||40.466733|-79.929864|Grow Pittsburgh|||||False|False|False|False|True|False||False||False
GP_garden_directory_listing-20210322.csv|52|Grow Pittsburgh|GP_garden_directory_listing-20210322.csv||grow pgh garden|Waldorf School of Pittsburgh|201 S Winebiddle St  Pittsburgh PA 15224|Pittsburgh|Pennsylvania|15224||school-garden|||40.463958|-79.942294|Grow Pittsburgh|||||False|False|False|False|True|False||False||False
GP_garden_directory_listing-20210322.csv|53|Grow Pittsburgh|GP_garden_directory_listing-20210322.csv||grow pgh garden|West End Children's Center|42 Wabash Street  Pittsburgh PA 15220|Pittsburgh|Pennsylvania|15220||school-garden|||40.440192|-80.03457|Grow Pittsburgh|||||False|False|False|False|True|False||False||False
GP_garden_directory_listing-20210322.csv|54|Grow Pittsburgh|GP_garden_directory_listing-20210322.csv||grow pgh garden|Shiloh Farm|7227 Thomas Blvd Pittsburgh PA 15208|Pittsburgh|Pennsylvania|15208||commercial-urban-farm;grow-pittsburgh-site||https://www.growpittsburgh.org/about-us/locations/frick-greenhouse/|40.450512|-79.898805|Grow Pittsburgh|||||False|False|False|False|True|False||False||False
GP_garden_directory_listing-20210322.csv|55|Grow Pittsburgh|GP_garden_directory_listing-20210322.csv||grow pgh garden|Garfield Community Farm|Cornwall St & Wicklow St Pittsburgh PA 15224|Pittsburgh|Pennsylvania|15224||commercial-urban-farm|(412) 215 6398|http://www.garfieldfarm.com/|40.46941|-79.934616|Grow Pittsburgh|||||False|False|False|False|True|False||False||False
GP_garden_directory_listing-20210322.csv|56|Grow Pittsburgh|GP_garden_directory_listing-20210322.csv||grow pgh garden|East Field Cooperative Garden|5543 Black Street  Pittsburgh PA 15206|Pittsburgh|Pennsylvania|15206||community-garden|412.365.5716|https://www.facebook.com/groups/EastFieldGarden|40.469404|-79.928441|Grow Pittsburgh|||||False|False|False|False|True|False||False||False
GP_garden_directory_listing-20210322.csv|57|Grow Pittsburgh|GP_garden_directory_listing-20210322.csv||grow pgh garden|Elliott Community Garden|706 Lorenz Ave  Pittsburgh PA 15220|Pittsburgh|Pennsylvania|15220||community-garden|4126575969||40.44501|-80.039497|Grow Pittsburgh|||||False|False|False|False|True|False||False||False
GP_garden_directory_listing-20210322.csv|58|Grow Pittsburgh|GP_garden_directory_listing-20210322.csv||grow pgh garden|Fineview Community Garden|13 Carrie Street Pittsburgh PA 15212|Pittsburgh|Pennsylvania|15212||community-garden|412 323 8288||40.461294|-80.002021|Grow Pittsburgh|||||False|False|False|False|True|False||False||False
GP_garden_directory_listing-20210322.csv|59|Grow Pittsburgh|GP_garden_directory_listing-20210322.csv||grow pgh garden|Frazier Farms Community Garden|3638 Frazier Street  Pittsburgh PA 15213|Pittsburgh|Pennsylvania|15213||school-garden|N/A|http://southoaklandpgh.org/|40.429735|-79.954579|Grow Pittsburgh|||||False|False|False|False|True|False||False||False
GP_garden_directory_listing-20210322.csv|60|Grow Pittsburgh|GP_garden_directory_listing-20210322.csv||grow pgh garden|Garden of Etna|9 Short Alley  Pittsburgh PA 15223|Pittsburgh|Pennsylvania|15223||community-garden|412 486 3831||40.496077|-79.945871|Grow Pittsburgh|||||False|False|False|False|True|False||False||False
GP_garden_directory_listing-20210322.csv|61|Grow Pittsburgh|GP_garden_directory_listing-20210322.csv||grow pgh garden|Garden On Gearing|409-411Gearing Avenue Pittsburgh PA 15210|Pittsburgh|Pennsylvania|15210||community-garden|412 613 4663|https://groundedpgh.org/projects/garden-on-gearing/|40.418085|-80.00523|Grow Pittsburgh|||||False|False|False|False|True|False||False||False
GP_garden_directory_listing-20210322.csv|62|Grow Pittsburgh|GP_garden_directory_listing-20210322.csv||grow pgh garden|Grace & Fruit Pollinator Gardens and Orchard|Glenn Avenue & Swissvale Avenue Wilkinsburg PA|Pittsburgh|Pennsylvania|15221||community-garden|4128246991||40.444612|-79.875885|Grow Pittsburgh|||||False|False|False|False|True|False||False||False
GP_garden_directory_listing-20210322.csv|63|Grow Pittsburgh|GP_garden_directory_listing-20210322.csv||grow pgh garden|Harmar Street Community Garden|331 Harmar Street  PA|Pittsburgh|Pennsylvania|15219||community-garden|412 378 3823|http://www.phcapgh.org/|40.457406|-79.967969|Grow Pittsburgh|||||False|False|False|False|True|False||False||False
GP_garden_directory_listing-20210322.csv|64|Grow Pittsburgh|GP_garden_directory_listing-20210322.csv||grow pgh garden|Highland Park Community Gardens|Stanton Avenue, Pittsburgh, Pennsylvania 15206|Pittsburgh|Pennsylvania|15206||community-garden|412-255-8850||40.472064|-79.913673|Grow Pittsburgh|||||False|False|False|False|True|False||False||False
GP_garden_directory_listing-20210322.csv|65|Grow Pittsburgh|GP_garden_directory_listing-20210322.csv||grow pgh garden|Kincaid Street Community Garden|5409 Kincaid Street  Pittsburgh PA|Pittsburgh|Pennsylvania|15206||community-garden|(412) 545-3050||40.466375|-79.934859|Grow Pittsburgh|||||False|False|False|False|True|False||False||False
GP_garden_directory_listing-20210322.csv|66|Grow Pittsburgh|GP_garden_directory_listing-20210322.csv||grow pgh garden|Kiwanis Community Garden|2801 Jenny Lind Street  McKeesport PA 15132|McKeesport|Pennsylvania|15132||community-garden|412 678 1340|http://www.mckha.org/programs/mckeesport-community-garden/|40.339138|-79.844107|Grow Pittsburgh|||||False|False|False|False|True|False||False||False
GP_garden_directory_listing-20210322.csv|67|Grow Pittsburgh|GP_garden_directory_listing-20210322.csv||grow pgh garden|Larimer Community Garden|300 Larimer Avenue  Pittsburgh PA 15206|Pittsburgh|Pennsylvania|15206||community-garden|(412) 661 8751||40.46432|-79.91601|Grow Pittsburgh|||||False|False|False|False|True|False||False||False
GP_garden_directory_listing-20210322.csv|68|Grow Pittsburgh|GP_garden_directory_listing-20210322.csv||grow pgh garden|Lawrenceville Community Gardens|4200 Sherrod Street Pittsburgh PA|Pittsburgh|Pennsylvania|15201||community-garden|||40.467567|-79.956557|Grow Pittsburgh|||||False|False|False|False|True|False||False||False
GP_garden_directory_listing-20210322.csv|69|Grow Pittsburgh|GP_garden_directory_listing-20210322.csv||grow pgh garden|Martin Luther King Jr. Community Garden|219 Kirkpatrick Street, Pittsburgh, Pennsylvania 15219, USA|Pittsburgh|Pennsylvania|15219||community-farm;community-garden|412-255-8850||40.440128|-79.973628|Grow Pittsburgh|||||False|False|False|False|True|False||False||False
GP_garden_directory_listing-20210322.csv|70|Grow Pittsburgh|GP_garden_directory_listing-20210322.csv||grow pgh garden|Morningside Community Garden|1118 Chislett Street, Pittsburgh, Pennsylvania 15206, USA|Pittsburgh|Pennsylvania|15206||community-garden|412-255-8850||40.477202|-79.92881|Grow Pittsburgh|||||False|False|False|False|True|False||False||False
GP_garden_directory_listing-20210322.csv|71|Grow Pittsburgh|GP_garden_directory_listing-20210322.csv||grow pgh garden|Mt. Oliver Borough Community Garden|Transverse Park  PA|Mount Oliver|Pennsylvania|15210||community-garden|412 668 3197||40.406719|-79.984659|Grow Pittsburgh|||||False|False|False|False|True|False||False||False
GP_garden_directory_listing-20210322.csv|72|Grow Pittsburgh|GP_garden_directory_listing-20210322.csv||grow pgh garden|Penn Hills Community Garden|1162 Jefferson Road  Penn Hills PA 15235|Penn Hills|Pennsylvania|15235||community-garden||https://www.PennHillsGarden.org|40.447638|-79.798817|Grow Pittsburgh|||||False|False|False|False|True|False||False||False
GP_garden_directory_listing-20210322.csv|73|Grow Pittsburgh|GP_garden_directory_listing-20210322.csv||grow pgh garden|The Harry Orlando Memorial Community Garden|2205 5th Avenue  Pittsburgh PA|Pittsburgh|Pennsylvania|15219||community-garden|412 377 9926||40.438247|-79.973943|Grow Pittsburgh|||||False|False|False|False|True|False||False||False
GP_garden_directory_listing-20210322.csv|74|Grow Pittsburgh|GP_garden_directory_listing-20210322.csv||grow pgh garden|The Octopus Garden|133 South Aiken Avenue, Pittsburgh, PA, USA|Pittsburgh|Pennsylvania|15206||community-garden||https://www.facebook.com/octopusgardenpittsburgh/|40.463591|-79.936771|Grow Pittsburgh|||||False|False|False|False|True|False||False||False
GP_garden_directory_listing-20210322.csv|75|Grow Pittsburgh|GP_garden_directory_listing-20210322.csv||grow pgh garden|Tustin Street Community Garden|2021 Tustin Street  Pittsburgh PA 15219|Pittsburgh|Pennsylvania|15219||community-garden|412.862.9925|http://www.uptownpartners.org/community_programs/tustin-st-community-garden/|40.436569|-79.977099|Grow Pittsburgh|||||False|False|False|False|True|False||False||False
GP_garden_directory_listing-20210322.csv|76|Grow Pittsburgh|GP_garden_directory_listing-20210322.csv||grow pgh garden|Osborne Elementary Outdoor Classroom and gARTen|1414 Beaver Street, Sewickley, PA, United States|Sewickley|Pennsylvania|15143||school-garden|414.803.5409||40.530559|-80.1686|Grow Pittsburgh|||||False|False|False|False|True|False||False||False
GP_garden_directory_listing-20210322.csv|77|Grow Pittsburgh|GP_garden_directory_listing-20210322.csv||grow pgh garden|Dormont Elementary Garden|3200 Annapolis Avenue, Pittsburgh, PA, United States|Pittsburgh|Pennsylvania|15216||school-garden|||40.394718|-80.043794|Grow Pittsburgh|||||False|False|False|False|True|False||False||False
GP_garden_directory_listing-20210322.csv|78|Grow Pittsburgh|GP_garden_directory_listing-20210322.csv||grow pgh garden|North Avenue Bird Habitat & Pollination Garden|718 North Avenue, Wilkinsburg, PA 15221, United States|Pittsburgh|Pennsylvania|15221|||4128493434||40.444754|-79.883043|Grow Pittsburgh|||||False|False|False|False|True|False||False||False
GP_garden_directory_listing-20210322.csv|79|Grow Pittsburgh|GP_garden_directory_listing-20210322.csv||grow pgh garden|Saint Joan of Arc Church Community Garden|6414 Montour Street, South Park Township, PA 15129, United States|South Park Township|Pennsylvania|15129||community-garden|412.833.2400|https://mystjoan.org|40.287464|-80.026439|Grow Pittsburgh|||||False|False|False|False|True|False||False||False
GP_garden_directory_listing-20210322.csv|80|Grow Pittsburgh|GP_garden_directory_listing-20210322.csv||grow pgh garden|Stone Soup Community Garden|1229 Franklin Avenue, Pittsburgh, PA, United States|Pittsburgh|Pennsylvania|15221||community-garden|4122718414||40.438237|-79.875904|Grow Pittsburgh|||||False|False|False|False|True|False||False||False
GP_garden_directory_listing-20210322.csv|81|Grow Pittsburgh|GP_garden_directory_listing-20210322.csv||grow pgh garden|Food City Community Garden|849 Tripoli Street, Pittsburgh, PA, United States|Pittsburgh|Pennsylvania|15212||community-farm||http://www.facebook.com/foodcitypgh|40.45675|-79.99582|Grow Pittsburgh|||||False|False|False|False|True|False||False||False
GP_garden_directory_listing-20210322.csv|82|Grow Pittsburgh|GP_garden_directory_listing-20210322.csv||grow pgh garden|Enright Community Garden|Topaz Street, Pittsburgh, PA, USA|Pittsburgh|Pennsylvania|15206||community-garden;school-garden||https://www.facebook.com/enrightgarden/|40.461166|-79.929837|Grow Pittsburgh|||||False|False|False|False|True|False||False||False
GP_garden_directory_listing-20210322.csv|83|Grow Pittsburgh|GP_garden_directory_listing-20210322.csv||grow pgh garden|Amity Harvest Community Garden|609 Amity Street, Homestead, PA, USA|Homestead|Pennsylvania|15120||community-farm||https://www.facebook.com/AmityHarvestCommunityGarden/|40.40783|-79.911485|Grow Pittsburgh|||||False|False|False|False|True|False||False||False
GP_garden_directory_listing-20210322.csv|84|Grow Pittsburgh|GP_garden_directory_listing-20210322.csv||grow pgh garden|Gardens of Millvale|12 Butler St, Pittsburgh, PA, USA 15209|Pittsburgh|Pennsylvania|15209||community-garden;community-farm|412-584-1665|https://www.facebook.com/The-Gardens-of-Millvale/|40.479221|-79.973279|Grow Pittsburgh|||||False|False|False|False|True|False||False||False
GP_garden_directory_listing-20210322.csv|85|Grow Pittsburgh|GP_garden_directory_listing-20210322.csv||grow pgh garden|Winthrop Street Community Garden|4636 Winthrop St, Pittsburgh, PA, USA|Pittsburgh|Pennsylvania|15213||community-garden;school-garden||https://cmusustainability.weebly.com/winthrop-comunity-garden.html|40.445755|-79.947281|Grow Pittsburgh|||||False|False|False|False|True|False||False||False
GP_garden_directory_listing-20210322.csv|86|Grow Pittsburgh|GP_garden_directory_listing-20210322.csv||grow pgh garden|Mulford Community Teaching Garden|337 Hale Street, Pittsburgh, PA, USA|Pittsburgh|Pennsylvania|15208||community-garden|412-805-0584||40.451904|-79.887827|Grow Pittsburgh|||||False|False|False|False|True|False||False||False
GP_garden_directory_listing-20210322.csv|87|Grow Pittsburgh|GP_garden_directory_listing-20210322.csv||grow pgh garden|Pittsburgh Urban Gardening Project|1612 Steuben Street, Pittsburgh, PA, USA|Pittsburgh|Pennsylvania|15205||community-farm||http://pittsburghurbangardens.com|40.443894|-80.05627|Grow Pittsburgh|||||False|False|False|False|True|False||False||False
GP_garden_directory_listing-20210322.csv|88|Grow Pittsburgh|GP_garden_directory_listing-20210322.csv||grow pgh garden|Cornerstone Prep Courtyard Garden|1900 Clairton Road, West Mifflin, PA, USA|West Mifflin|Pennsylvania|15122||school-garden|||40.334422|-79.934775|Grow Pittsburgh|||||False|False|False|False|True|False||False||False
GP_garden_directory_listing-20210322.csv|89|Grow Pittsburgh|GP_garden_directory_listing-20210322.csv||grow pgh garden|Clairton CommUNITY Garden|300 St Clair Ave, Clairton, PA, USA|Clairton|Pennsylvania|15025||community-garden|412-414-1512||40.29203|-79.882047|Grow Pittsburgh|||||False|False|False|False|True|False||False||False
GP_garden_directory_listing-20210322.csv|90|Grow Pittsburgh|GP_garden_directory_listing-20210322.csv||grow pgh garden|Whitehall Peace and Community Garden|4935 East Willock Road, Pittsburgh, PA, USA|Pittsburgh|Pennsylvania|15227||community-garden||http://www.shimcares.org|40.358027|-79.967387|Grow Pittsburgh|||||False|False|False|False|True|False||False||False
GP_garden_directory_listing-20210322.csv|91|Grow Pittsburgh|GP_garden_directory_listing-20210322.csv||grow pgh garden|Greg Blythe Friendship Garden in Tarentum|700 E 1st Ave, Tarentum, PA 15084, USA|Tarentum|Pennsylvania|15084||community-garden||https://www.facebook.com/TarentumFriendshipGarden/|40.602387|-79.745117|Grow Pittsburgh|||||False|False|False|False|True|False||False||False
GP_garden_directory_listing-20210322.csv|92|Grow Pittsburgh|GP_garden_directory_listing-20210322.csv||grow pgh garden|Hamnett Place Community Garden|502 Jeanette St, Wilkinsburg, PA 15221|Pittsburgh|Pennsylvania|15221||community-garden||https://hamnettgarden.wordpress.com|40.438734|-79.884733|Grow Pittsburgh|||||False|False|False|False|True|False||False||False
GP_garden_directory_listing-20210322.csv|93|Grow Pittsburgh|GP_garden_directory_listing-20210322.csv||grow pgh garden|Lawrenceville Organic Community Garden: McCandless|McCandless Ave. & Natrona Way, Pittsburgh, PA 15201|Pittsburgh|Pennsylvania|15201||community-garden||https://www.facebook.com/groups/lvgarden/|40.480798|-79.952311|Grow Pittsburgh|||||False|False|False|False|True|False||False||False
GP_garden_directory_listing-20210322.csv|94|Grow Pittsburgh|GP_garden_directory_listing-20210322.csv||grow pgh garden|Lawrenceville Organic Community Garden: Allegheny Cemetery|Stanton Ave at Butler St FS, Pittsburgh, PA, USA|Pittsburgh|Pennsylvania|15224||community-farm||https://www.facebook.com/groups/lvgarden/about/|40.478175|-79.955595|Grow Pittsburgh|||||False|False|False|False|True|False||False||False
GP_garden_directory_listing-20210322.csv|95|Grow Pittsburgh|GP_garden_directory_listing-20210322.csv||grow pgh garden|Sharpsburg Community Garden|1212 Main Street, Sharpsburg, PA, USA|Pittsburgh|Pennsylvania|15215||community-garden||https://www.facebook.com/Sharpsburg-Community-Garden-2009494322522469/|40.494451|-79.930216|Grow Pittsburgh|||||False|False|False|False|True|False||False||False
GP_garden_directory_listing-20210322.csv|96|Grow Pittsburgh|GP_garden_directory_listing-20210322.csv||grow pgh garden|Fallen Stars of Northview Heights Community Garden Northview Heights|340 Penfort St, Pittsburgh, PA 15214, USA|Pittsburgh|Pennsylvania|15214||community-garden|||40.47608|-80.000025|Grow Pittsburgh|||||False|False|False|False|True|False||False||False
GP_garden_directory_listing-20210322.csv|97|Grow Pittsburgh|GP_garden_directory_listing-20210322.csv||grow pgh garden|Meyer's Ridge Community Garden|901 Gray Street, McKees Rocks, PA, USA|McKees Rocks|Pennsylvania|15136||community-farm|||40.469338|-80.06541|Grow Pittsburgh|||||False|False|False|False|True|False||False||False
GP_garden_directory_listing-20210322.csv|98|Grow Pittsburgh|GP_garden_directory_listing-20210322.csv||grow pgh garden|Natrona Grows Community Garden|Federal St, Natrona Heights, Harrison Township, PA, USA|Natrona Heights|Pennsylvania|15065||community-garden|||40.615675|-79.721049|Grow Pittsburgh|||||False|False|False|False|True|False||False||False
GP_garden_directory_listing-20210322.csv|99|Grow Pittsburgh|GP_garden_directory_listing-20210322.csv||grow pgh garden|Turtle Creek Homeplate Community Garden|Hamilton Avenue, Turtle Creek, PA, USA|Turtle Creek|Pennsylvania|15145||community-farm|||40.412612|-79.820006|Grow Pittsburgh|||||False|False|False|False|True|False||False||False
GP_garden_directory_listing-20210322.csv|100|Grow Pittsburgh|GP_garden_directory_listing-20210322.csv||grow pgh garden|Riverview Community Garden of Brighton Heights|1500 Letort Street, Pittsburgh, PA 15212|Pittsburgh|Pennsylvania|15212||community-farm;community-garden|||40.48|-80.03735|Grow Pittsburgh|||||False|False|False|False|True|False||False||False
GP_garden_directory_listing-20210322.csv|101|Grow Pittsburgh|GP_garden_directory_listing-20210322.csv||grow pgh garden|Mount Washington Community Garden at Ream Park|321 Merrimac Street, Pittsburgh, PA, USA|Pittsburgh|Pennsylvania|15211||community-garden|412-255-8850|https://www.facebook.com/mtwashingtongarden/|40.43097|-80.01323|Grow Pittsburgh|||||False|False|False|False|True|False||False||False
GP_garden_directory_listing-20210322.csv|102|Grow Pittsburgh|GP_garden_directory_listing-20210322.csv||grow pgh garden|Mountain View Community Garden|1592 Crucible Street, Pittsburgh, PA, USA|Pittsburgh|Pennsylvania|15205||community-farm|412-583-7136|http://mtvcommunity.com/|40.445623|-80.051358|Grow Pittsburgh|||||False|False|False|False|True|False||False||False
GP_garden_directory_listing-20210322.csv|103|Grow Pittsburgh|GP_garden_directory_listing-20210322.csv||grow pgh garden|Duquesne Community Victory Garden|719 Duquesne Blvd, Duquesne, PA, USA|Duquesne|Pennsylvania|15110||community-garden|412-714-6670|http://facebook.com/duquesnecommunityvictorygarden|40.381652|-79.856757|Grow Pittsburgh|||||False|False|False|False|True|False||False||False
GP_garden_directory_listing-20210322.csv|104|Grow Pittsburgh|GP_garden_directory_listing-20210322.csv||grow pgh garden|Braddock Farm|1000 Braddock Avenue, Braddock, PA, USA|Braddock|Pennsylvania|15104||commercial-urban-farm;community-farm;grow-pittsburgh-site|412-362-4769|http://www.growpittsburgh.org|40.399024|-79.863161|Grow Pittsburgh|||||False|False|False|False|True|False||False||False
GP_garden_directory_listing-20210322.csv|105|Grow Pittsburgh|GP_garden_directory_listing-20210322.csv||grow pgh garden|Duncan Park|Duncan Parklet, Pittsburgh, PA, USA|Pittsburgh|Pennsylvania|15201||other|412.802.7220|http://www.lunited.org|40.480313|-79.948474|Grow Pittsburgh|||||False|False|False|False|True|False||False||False
GP_garden_directory_listing-20210322.csv|106|Grow Pittsburgh|GP_garden_directory_listing-20210322.csv||grow pgh garden|Troy Hill Citizens - Lookout St. Community Garden|1905 Lookout Street, Pittsburgh, PA, USA|Pittsburgh|Pennsylvania|15212||community-garden||http://troyhillpittsburgh.com/community-gardens/|40.468962|-79.977067|Grow Pittsburgh|||||False|False|False|False|True|False||False||False
GP_garden_directory_listing-20210322.csv|107|Grow Pittsburgh|GP_garden_directory_listing-20210322.csv||grow pgh garden|Troy Hill Citizens - Elbow St. Community Garden|1819 Elbow Street, Pittsburgh, PA, USA|Pittsburgh|Pennsylvania|15212||community-garden||http://troyhillpittsburgh.com/community-gardens/|40.464737|-79.980626|Grow Pittsburgh|||||False|False|False|False|True|False||False||False
GP_garden_directory_listing-20210322.csv|108|Grow Pittsburgh|GP_garden_directory_listing-20210322.csv||grow pgh garden|PGH Lincoln K-5 Learning Garden|328 Lincoln Ave, Pittsburgh, PA 15206, USA|Pittsburgh|Pennsylvania|15206||school-garden|||40.460174|-79.911921|Grow Pittsburgh|||||False|False|False|False|True|False||False||False
GP_garden_directory_listing-20210322.csv|109|Grow Pittsburgh|GP_garden_directory_listing-20210322.csv||grow pgh garden|Spirit Community Garden|242 51st Street, Pittsburgh, PA, USA|Pittsburgh|Pennsylvania|15201||community-garden|||40.47864|-79.956582|Grow Pittsburgh|||||False|False|False|False|True|False||False||False
GP_garden_directory_listing-20210322.csv|110|Grow Pittsburgh|GP_garden_directory_listing-20210322.csv||grow pgh garden|Northside Good Food to the Neighborhood Garden|1601 Brighton Road, Pittsburgh, PA, USA|Pittsburgh|Pennsylvania|15212||community-garden|412-323-1163||40.458071|-80.016331|Grow Pittsburgh|||||False|False|False|False|True|False||False||False
GP_garden_directory_listing-20210322.csv|111|Grow Pittsburgh|GP_garden_directory_listing-20210322.csv||grow pgh garden|Oakland Garden|248 Oakland Ave, Pittsburgh, PA, USA|Pittsburgh|Pennsylvania|15213||community-farm;school-garden|||40.440373|-79.955804|Grow Pittsburgh|||||False|False|False|False|True|False||False||False
GP_garden_directory_listing-20210322.csv|112|Grow Pittsburgh|GP_garden_directory_listing-20210322.csv||grow pgh garden|Stanton Heights Community Garden @ Allegheny Cemetery|4205 Stanton Ave, Pittsburgh, PA 15201, USA|Pittsburgh|Pennsylvania|15224||community-garden|||40.47822|-79.944911|Grow Pittsburgh|||||False|False|False|False|True|False||False||False
GP_garden_directory_listing-20210322.csv|113|Grow Pittsburgh|GP_garden_directory_listing-20210322.csv||grow pgh garden|People's Garden of Coraopolis (Cory CAB)|1526 Vance Ave, Coraopolis, PA, USA|Coraopolis|Pennsylvania|15108||other|||40.511612|-80.157098|Grow Pittsburgh|||||False|False|False|False|True|False||False||False
GP_garden_directory_listing-20210322.csv|114|Grow Pittsburgh|GP_garden_directory_listing-20210322.csv||grow pgh garden|Temple Emanuel SHIM Garden|1250 Bower Hill Rd, Pittsburgh, PA 15243, USA|Pittsburgh|Pennsylvania|15243||community-farm|(412) 279-7600|http://www.templeemanuelpgh.org/|40.376254|-80.074621|Grow Pittsburgh|||||False|False|False|False|True|False||False||False
GP_garden_directory_listing-20210322.csv|115|Grow Pittsburgh|GP_garden_directory_listing-20210322.csv||grow pgh garden|Swissvale Community Garden|7301 Denniston Ave, Pittsburgh, PA 15218, USA|Pittsburgh|Pennsylvania|15218||community-farm|13308811733|http://www.swissvalegarden.com|40.417298|-79.890549|Grow Pittsburgh|||||False|False|False|False|True|False||False||False
GP_garden_directory_listing-20210322.csv|116|Grow Pittsburgh|GP_garden_directory_listing-20210322.csv||grow pgh garden|Bandi Schaum Community Garden|84 Barry Street, Pittsburgh, Pennsylvania 15203, USA|Pittsburgh|Pennsylvania|15203||community-garden|412-255-8850||40.422634|-79.970575|Grow Pittsburgh|||||False|False|False|False|True|False||False||False
GP_garden_directory_listing-20210322.csv|117|Grow Pittsburgh|GP_garden_directory_listing-20210322.csv||grow pgh garden|St. Louise CMF SHIM Garden|320 McMurray Road, Upper Saint Clair, PA, USA, 15241|Upper Saint Clair|Pennsylvania|15241||community-farm|724-350-6671||40.315844|-80.071719|Grow Pittsburgh|||||False|False|False|False|True|False||False||False
GP_garden_directory_listing-20210322.csv|118|Grow Pittsburgh|GP_garden_directory_listing-20210322.csv||grow pgh garden|1 Sound Farm|1243 Liverpool Street, Pittsburgh, PA, USA|Pittsburgh|Pennsylvania|15233||community-garden|||40.455143|-80.024551|Grow Pittsburgh|||||False|False|False|False|True|False||False||False
GP_garden_directory_listing-20210322.csv|119|Grow Pittsburgh|GP_garden_directory_listing-20210322.csv||grow pgh garden|Peace and Friendship Farm|678 Somers Street, Pittsburgh, PA 15219|Pittsburgh|Pennsylvania|15219||community-farm;community-garden|412 533 3837|http://plcpgh.org/|40.448372|-79.974881|Grow Pittsburgh|||||False|False|False|False|True|False||False||False
GP_garden_directory_listing-20210322.csv|120|Grow Pittsburgh|GP_garden_directory_listing-20210322.csv||grow pgh garden|The Homewood Historical Farm|7014 Monticello Street, Pittsburgh, PA, USA|Pittsburgh|Pennsylvania|15208||commercial-urban-farm|412-377-9926|http://bugfpc.com|40.460031|-79.899781|Grow Pittsburgh|||||False|False|False|False|True|False||False||False
GP_garden_directory_listing-20210322.csv|121|Grow Pittsburgh|GP_garden_directory_listing-20210322.csv||grow pgh garden|Collier Kids Garden|5 Pvt Lobaugh Drive, Oakdale, PA, USA|Oakdale|Pennsylvania|15071||other|7246930780|http://www.colliertownship.net|40.397379|-80.161188|Grow Pittsburgh|||||False|False|False|False|True|False||False||False
GP_garden_directory_listing-20210322.csv|122|Grow Pittsburgh|GP_garden_directory_listing-20210322.csv||grow pgh garden|Sally & Howard Levin Clubhouse Garden|2724 Beechwood Boulevard, Pittsburgh, PA, USA|Pittsburgh|Pennsylvania|15217||community-farm|4124221850|http://shlclubhouse.org/|40.427036|-79.916458|Grow Pittsburgh|||||False|False|False|False|True|False||False||False
GP_garden_directory_listing-20210322.csv|123|Grow Pittsburgh|GP_garden_directory_listing-20210322.csv||grow pgh garden|Faison School Garden|7500 Tioga Street, Pittsburgh, PA, USA|Pittsburgh|Pennsylvania|15208||school-garden|4125292305||40.452357|-79.892925|Grow Pittsburgh|||||False|False|False|False|True|False||False||False
GP_garden_directory_listing-20210322.csv|124|Grow Pittsburgh|GP_garden_directory_listing-20210322.csv||grow pgh garden|Carnegie Community Development Corporation Community Garden|7 West Main Street, Carnegie, PA, USA|Carnegie|Pennsylvania|15106||community-farm|4122795456|http://visitcarnegie.com|40.406337|-80.088384|Grow Pittsburgh|||||False|False|False|False|True|False||False||False
GP_garden_directory_listing-20210322.csv|125|Grow Pittsburgh|GP_garden_directory_listing-20210322.csv||grow pgh garden|George Floyd Community Garden|710 Mulberry Street, Pittsburgh, PA, USA|Pittsburgh|Pennsylvania|15221||community-farm|14128670992|https://civicarts211.wixsite.com/website-1|40.441219|-79.884064|Grow Pittsburgh|||||False|False|False|False|True|False||False||False
GP_garden_directory_listing-20210322.csv|126|Grow Pittsburgh|GP_garden_directory_listing-20210322.csv||grow pgh garden|Allendale Acres Community Garden|Allendale St at Fairdale St, Pittsburgh, PA 15204, USA|Pittsburgh|Pennsylvania|15204||community-garden|5182698388|http://pittsburghurbangardens.com/allendale-acres-community-garden|40.455471|-80.060751|Grow Pittsburgh|||||False|False|False|False|True|False||False||False
GP_garden_directory_listing-20210322.csv|127|Grow Pittsburgh|GP_garden_directory_listing-20210322.csv||grow pgh garden|West Penn Community Farm|2998 Brereton Street, Pittsburgh, PA, USA|Pittsburgh|Pennsylvania|15219|||(412) 450-0765|http://Instagram @westpenncommunityfarm|40.456539|-79.97014|Grow Pittsburgh|||||False|False|False|False|True|False||False||False
GP_garden_directory_listing-20210322.csv|128|Grow Pittsburgh|GP_garden_directory_listing-20210322.csv||grow pgh garden|Westinghouse Learning Garden|1101 North Murtland Street, Pittsburgh, PA, USA|Pittsburgh|Pennsylvania|15208||school-garden|412-529-3940||40.461539|-79.901728|Grow Pittsburgh|||||False|False|False|False|True|False||False||False
GP_garden_directory_listing-20210322.csv|129|Grow Pittsburgh|GP_garden_directory_listing-20210322.csv||grow pgh garden|McChesney Farm|25 Lewin Lane, Pittsburgh, PA, USA|Pittsburgh|Pennsylvania|15235||community-farm|||40.43605|-79.844249|Grow Pittsburgh|||||False|False|False|False|True|False||False||False
GP_garden_directory_listing-20210322.csv|130|Grow Pittsburgh|GP_garden_directory_listing-20210322.csv||grow pgh garden|Yoder-Meraz Back Yard|1714 Cecil Street, Sharpsburg, PA, USA|Sharpsburg|Pennsylvania|15215||other|||40.495883|-79.922703|Grow Pittsburgh|||||False|False|False|False|True|False||False||False
GP_garden_directory_listing-20210322.csv|131|Grow Pittsburgh|GP_garden_directory_listing-20210322.csv||grow pgh garden|Ellwood City Community Garden|327 Sims St, Ellwood City, PA 16117, USA|Ellwood City|Pennsylvania|16117||community-garden|724-758-7777||40.864081|-80.275161|Grow Pittsburgh|||||False|False|False|False|True|False||False||False
GP_garden_directory_listing-20210322.csv|132|Grow Pittsburgh|GP_garden_directory_listing-20210322.csv||grow pgh garden|Mon Valley School Garden|555 North Lewis Run Road, West Mifflin, PA, USA|Jefferson Hills|Pennsylvania|15025||school-garden|412-469-2551|https://www.aiu3.net/site/Default.aspx?PageID=1079|40.32371|-79.938862|Grow Pittsburgh|||||False|False|False|False|True|False||False||False
GP_garden_directory_listing-20210322.csv|133|Grow Pittsburgh|GP_garden_directory_listing-20210322.csv||grow pgh garden|Steel Valley Grows Garden|220 East Oliver Road, Homestead, PA, USA|Munhall|Pennsylvania|15120||school-garden|412-464-3600||40.389744|-79.898516|Grow Pittsburgh|||||False|False|False|False|True|False||False||False
GP_garden_directory_listing-20210322.csv|134|Grow Pittsburgh|GP_garden_directory_listing-20210322.csv||grow pgh garden|Phillips Recreation Center|201 Parkfield Street, Pittsburgh, PA, USA|Pittsburgh|Pennsylvania|15210|||412-885-7445|https://pittsburghpa.gov/citiparks/index.html|40.391585|-79.991055|Grow Pittsburgh|||||False|False|False|False|True|False||False||False
GP_garden_directory_listing-20210322.csv|135|Grow Pittsburgh|GP_garden_directory_listing-20210322.csv||grow pgh garden|Sts Isidore and Maria Community Garden|310 Kane Boulevard, Pittsburgh, PA, USA|Pittsburgh|Pennsylvania|15243||community-farm|412-561-6021||40.373264|-80.085202|Grow Pittsburgh|||||False|False|False|False|True|False||False||False
GP_garden_directory_listing-20210322.csv|136|Grow Pittsburgh|GP_garden_directory_listing-20210322.csv||grow pgh garden|Beechview Community Garden|||Pennsylvania|15216||community-garden||http://www.prettyupbeechview.org/beechview-community-garden/|40.41429|-80.020218|Grow Pittsburgh||||$.city is invalid: '' is too short|False|False|False|False|True|False||False||True
